"allele"	"logit_of_percentage"	"estimated_transmission_percentage"	"lower_confidence_interval"	"upper_confidence_interval"	"raw_p_value"	"adj_p_value"	"expression_category"
"R139D08"	0.206590712751799	0.551464766429137	0.513292638529193	0.589040032097875	0.00830429137019939	0.0491337239403464	"Vegetative Cell High"
"R88A04"	0.187000348845545	0.546614327772326	0.507147210476459	0.585504052887209	0.0206835771604743	0.0755890728955516	"Unknown"
"R131H11"	0.178027279655758	0.544389642416769	0.513127212527777	0.575306116290603	0.0054333061333518	0.0295160684541544	"Unknown"
"R78B01"	0.160785690270835	0.540110049232551	0.518041601373405	0.562022323978823	0.000374681620212369	0.00187340810106185	"Sperm Cell"
"R172B11"	0.138726209501627	0.534626038781163	0.495168642292968	0.573654794230901	0.0853766558918274	0.241805143272811	"Sperm Cell"
"R96B12"	0.120144311842063	0.53	0.457339378010622	0.601410821576881	0.418721503476952	0.593799588897664	"Unknown"
"R79D11"	0.109302466650143	0.527298444130127	0.506123818721625	0.54837531291412	0.0115334535518632	0.0545144051020649	"Unknown"
"R161H06"	0.100702845383845	0.525154457193292	0.494265733150676	0.555851884538189	0.110411087987573	0.419562134352779	"Sperm Cell High"
"R35A03"	0.0970004964738549	0.524231127679403	0.501792553598543	0.546572295712458	0.034310106229495	0.144864892968979	"Sperm Cell High"
"R145H11"	0.0964182131586868	0.524085896691817	0.493746769662485	0.554248285458796	0.119654543205195	0.25806318125885	"Unknown"
"R117B05"	0.0872780081070609	0.521805661820964	0.478660930541639	0.564627484975004	0.321884228903964	0.909731612390962	"Vegetative Cell"
"R55G09"	0.0771784560733911	0.51928504233302	0.480670265234949	0.557670795564439	0.32765576076178	0.510533394675332	"Unknown"
"R37A04"	0.0645754153802291	0.516138246215367	0.494624034477028	0.53759280334678	0.141474519594256	0.488730158598338	"Sperm Cell High"
"R160H06"	0.0640844228931828	0.516015625	0.491132556396301	0.540819533972987	0.20708952666704	0.361840787717552	"Unknown"
"R111F12"	0.0605350842777622	0.515129151291513	0.466268427431966	0.563702361109267	0.544268372633028	0.83772364741142	"Sperm Cell High"
"R170B03"	0.0595216989593566	0.514876033057851	0.478693008797875	0.550903781541683	0.420439864018498	0.593799588897664	"Unknown"
"R150E12"	0.0556213789540701	0.513901760889713	0.486803056030384	0.540918979406221	0.314664300450602	0.494121284301336	"Unknown"
"R60D10"	0.0543767708780726	0.513590844062947	0.485796158446801	0.541301724761029	0.33788233668782	0.802470549633572	"Sperm Cell High"
"R193F12"	0.0519327487416431	0.512980269989616	0.472437315194092	0.553353137637004	0.530549701517576	0.683592884647646	"Unknown"
"R105B06"	0.0511739555247082	0.512790697674419	0.477363578686971	0.548089770180183	0.479305575798369	0.83772364741142	"Sperm Cell High"
"R36H01"	0.0509581175786478	0.512736773350751	0.480570784445928	0.544797613745454	0.43777692918391	0.606849398385971	"Unknown"
"R20E01"	0.0502751371640104	0.512566137566138	0.480199342927117	0.544827892407526	0.446780018050681	0.614842850390744	"Unknown"
"R24D03"	0.0491951044462749	0.512296296296296	0.479297597099552	0.545188160787297	0.465285533079864	0.939926809082556	"Vegetative Cell High"
"R47C07"	0.0475471559298353	0.51188455008489	0.47522425630897	0.54841743545549	0.52535597164036	0.682785393780487	"Unknown"
"R103E04"	0.0443154577931408	0.511077051692908	0.488443555227485	0.533665220836838	0.337448829426538	0.939926809082556	"Vegetative Cell High"
"R46C04"	0.0442402700674546	0.511058263971462	0.491601888614393	0.530481191644495	0.265278243412319	0.956843957979002	"Seedling Only"
"R187H03"	0.043683938861559	0.510919248349416	0.480370854765726	0.541386301079533	0.483670259992247	0.939926809082556	"Vegetative Cell High"
"R170G12"	0.0426460560491389	0.510659898477157	0.470137547089973	0.551042635247682	0.606414936306068	0.83772364741142	"Sperm Cell High"
"R162C01"	0.0423877783499825	0.510595358224016	0.470638721059468	0.550417065085817	0.603520835258087	0.745079027379275	"Unknown"
"R08A07"	0.0417238433713999	0.510429447852761	0.476860094173587	0.543904999762786	0.542730174828985	0.939926809082556	"Vegetative Cell High"
"R100H04"	0.0391070832457666	0.509775524981897	0.480112104541148	0.5393702651716	0.520194209137338	0.909731612390962	"Vegetative Cell"
"R140D12"	0.0336166107989852	0.508403361344538	0.467198345400167	0.549494519123724	0.68968075473344	0.845415118705507	"Sperm Cell High"
"R91G06"	0.032157111634531	0.508038585209003	0.486471287873193	0.52957600318846	0.465116745251897	0.956843957979002	"Seedling Only"
"R90C03"	0.0311604158150623	0.50778947368421	0.479978280569522	0.535552539602389	0.583159586222648	0.939926809082556	"Vegetative Cell High"
"R53C03"	0.0310771664429745	0.507768666378938	0.481335503558635	0.534158465479534	0.564700252582098	0.83772364741142	"Sperm Cell High"
"R132G11"	0.0282406679427514	0.507059697795393	0.478743322190393	0.535330852012197	0.625229930269237	0.83772364741142	"Sperm Cell High"
"R65A03"	0.0273632707409434	0.506840390879479	0.474733200488351	0.538891257168933	0.676453097827723	0.821439052738536	"Unknown"
"R51E11"	0.0267433249755111	0.506685432793807	0.473318260455506	0.539993153814076	0.694749447589806	0.821439052738536	"Unknown"
"R74E06"	0.0267330621970688	0.506682867557716	0.475675698063835	0.537638711313794	0.672891943494486	0.821439052738536	"Unknown"
"R117B01"	0.0248562921062457	0.506213753106877	0.470018045719952	0.542344440884337	0.736758607648363	0.856002775360237	"Unknown"
"R65A07"	0.0241807981972148	0.506044905008636	0.469094138330001	0.542929752113336	0.748734523304475	0.864917466575859	"Unknown"
"R04A02"	0.0219789067187751	0.505494505494505	0.429778997420965	0.580958826338642	0.887583015822476	0.947998973349428	"Unknown"
"R72F03"	0.0210042727705324	0.505250875145858	0.478525069241506	0.531946707109188	0.700312077949303	0.972602264287372	"Vegetative Cell High"
"R65A10"	0.0208574864178047	0.505214182576608	0.489236224058382	0.521181497786553	0.522461430662263	0.956843957979002	"Seedling Only"
"R106G12"	0.0191291699089953	0.504782146652497	0.478555230341289	0.530982771698317	0.720938882231434	0.856114922649828	"Sperm Cell High"
"R172F04"	0.0189280098855184	0.504731861198738	0.461020569841487	0.548370937115535	0.832268653238768	0.909731612390962	"Vegetative Cell"
"R171A01"	0.0160163583885742	0.504004004004004	0.461187300242925	0.546762061071233	0.854833123901477	0.972602264287372	"Vegetative Cell High"
"R97C08"	0.0155412572112116	0.503885236102809	0.457114364765265	0.550588209965527	0.870951913180998	0.972602264287372	"Vegetative Cell High"
"R137H01"	0.0135035810346743	0.50337584396099	0.468940665309262	0.537779026802415	0.847801716866667	0.931192049673225	"Unknown"
"R151G05"	0.0130266714000087	0.503256621797655	0.470797361094074	0.535688455024287	0.844263158445779	0.909731612390962	"Vegetative Cell"
"R85A08"	0.0129642357867141	0.503241013553329	0.470364614110714	0.536089411094766	0.846947234958113	0.972602264287372	"Vegetative Cell High"
"R52B09"	0.0127874560851259	0.503196820459651	0.48661646548725	0.519770147468338	0.705558759537789	0.956843957979002	"Seedling Only"
"R183D03"	0.0124556770469198	0.503113879003559	0.465209217929612	0.540982781198354	0.872270869302857	0.980517415405445	"Sperm Cell High"
"R185F03"	0.0112418148662489	0.502810424118549	0.474380155291717	0.531222531099766	0.846490898097044	0.931192049673225	"Unknown"
"R06C04"	0.0111112254250703	0.502777777777778	0.436779080561178	0.568679817593973	0.934591456524388	0.971251263474322	"Unknown"
"R31H05"	0.0110579821956518	0.502764467379285	0.466006447276798	0.53949262911586	0.882978537405382	0.972602264287372	"Vegetative Cell High"
"R21D01"	0.010582109330537	0.502645502645503	0.472086621029714	0.533184632562194	0.865391050475034	0.956843957979002	"Seedling Only"
"R114E09"	0.00959568706185575	0.502398903358465	0.455397840129317	0.549357608481715	0.920516103780576	0.988211326485624	"Sperm Cell High"
"R26G07"	0.00893306188547529	0.502233250620347	0.473905281346017	0.530546889859674	0.877305055889082	0.980517415405445	"Sperm Cell High"
"R98E11"	0.00833772417409373	0.502084418968213	0.471167775771139	0.532985131152941	0.894979577771412	0.972602264287372	"Vegetative Cell High"
"R25B05"	0.00761618304530889	0.501904036557502	0.477357263537381	0.526441634747648	0.879238486774081	0.947998973349428	"Unknown"
"R32H08"	0.00723185152649509	0.501807955002009	0.470587474908731	0.53301434329863	0.909731612390962	0.909731612390962	"Vegetative Cell"
"R183A02"	0.00721446014933273	0.501803607214429	0.476621840137925	0.52697622784787	0.888434747135649	0.947998973349428	"Unknown"
"R163E02"	0.00700528258840859	0.501751313485114	0.475434043838545	0.528058882930031	0.896304903074184	0.948196239567952	"Unknown"
"R154A12"	0.00539448374935613	0.501348617666892	0.478250813511858	0.52444066722159	0.908945125444778	0.952217048289009	"Unknown"
"R160G03"	0.00516352266004875	0.501290877796902	0.461594973857066	0.540970515338329	0.94927673235441	0.972602264287372	"Vegetative Cell High"
"R175H06"	0.0047318700278332	0.501182965299684	0.463176733925368	0.539175531415253	0.951440387495605	0.972602264287372	"Vegetative Cell High"
"R45E04"	0.00406174400817794	0.501015434606011	0.4737164163757	0.528308400242988	0.941933701430711	0.972602264287372	"Vegetative Cell High"
"R91F11"	0.00297840875426097	0.500744601638124	0.476206452760082	0.525279164311628	0.952608891808224	0.988211326485624	"Sperm Cell High"
"R34C11"	0.00285714480078013	0.500714285714286	0.471161667264344	0.53026191438378	0.962257404846633	0.972602264287372	"Vegetative Cell High"
"R81G05"	0.00261552023560323	0.500653879686138	0.472375975102616	0.52892760193494	0.963887427528085	0.972602264287372	"Vegetative Cell High"
"R69C04"	0.00180603263827457	0.500451508036843	0.474706718506939	0.526193903732181	0.972602264287372	0.972602264287372	"Vegetative Cell High"
"R53F11"	0.00143712599584796	0.500359281437126	0.48084467682252	0.519872791540696	0.971228639167088	0.971228639167088	"Seedling Only"
"R47G10"	0.00135043909787146	0.50033760972316	0.467676149578424	0.532996188902687	0.983858715796209	0.992113467252104	"Unknown"
"R187B08"	-1.38777878078145e-17	0.5	0.455726288092322	0.544273711907678	1	1	"Unknown"
"R146C12"	-0.000736377058311921	0.499815905743741	0.475415632973966	0.524217055383601	0.988211326485624	0.988211326485624	"Sperm Cell High"
"R167D07"	-0.00085215173456582	0.49978696207925	0.473829868290426	0.525745204228787	0.987177579355328	0.992113467252104	"Unknown"
"R124G03"	-0.000964785410098715	0.499758803666184	0.472142891702706	0.527376187273487	0.986356542603778	0.992113467252104	"Unknown"
"R87A03"	-0.00220118953063954	0.499449702839533	0.472773883357872	0.526128655421723	0.967781070364	0.988211326485624	"Sperm Cell High"
"R105H08"	-0.00292825977908844	0.499267935578331	0.465268400958334	0.533274241507577	0.966393654046002	0.986015860219525	"Unknown"
"R68C07"	-0.00377596420953519	0.499056010069226	0.46752617807893	0.530593351466345	0.953274295547473	0.977592517372664	"Unknown"
"R90A05"	-0.00406669938255342	0.49898332655551	0.473625321378228	0.52434656283272	0.937426592607057	0.971251263474322	"Unknown"
"R63F09"	-0.00415801014866377	0.498960498960499	0.481625599313377	0.516297897928788	0.906483749664317	0.956843957979002	"Seedling Only"
"R174C10"	-0.00422238487984813	0.498944405348346	0.465608763282907	0.532289434461579	0.950592675650846	0.977592517372664	"Unknown"
"R143F02"	-0.0044178045976089	0.498895550646892	0.475870674891888	0.521925111523456	0.925158001009058	0.925158001009058	"Sperm Cell"
"R134A03"	-0.00533334597536263	0.498666666666667	0.461322030994137	0.536026184339172	0.944326648722907	0.972602264287372	"Vegetative Cell High"
"R108A02"	-0.00615008088533796	0.498462484624846	0.476408113397869	0.520522840253705	0.891402019716626	0.947998973349428	"Unknown"
"R65E02"	-0.00805064727716693	0.497987349051179	0.476613207628934	0.519368849024926	0.853692117986595	0.956843957979002	"Seedling Only"
"R91C03"	-0.00851068966790845	0.497872340425532	0.461230710687239	0.534536837759793	0.909580464037263	0.952217048289009	"Unknown"
"R59F11"	-0.00917055197220806	0.497707378074198	0.471980297556643	0.523446604151915	0.861503431512338	0.956843957979002	"Seedling Only"
"R88B08"	-0.0101352218940432	0.497466216216216	0.465351163770233	0.529602189100548	0.877318409287595	0.972602264287372	"Vegetative Cell High"
"R39B06"	-0.0101868453069932	0.497453310696095	0.465256885255771	0.529670869932435	0.877008859664795	0.972602264287372	"Vegetative Cell High"
"R181E01"	-0.0103520593210324	0.497412008281574	0.468816327596098	0.526024629325138	0.859403846865299	0.938805289238724	"Unknown"
"R92A10"	-0.0108992904580359	0.497275204359673	0.472282647166678	0.522281385246769	0.830981371771598	0.972602264287372	"Vegetative Cell High"
"R74F05"	-0.0109740470319766	0.497256515775034	0.464353011724455	0.530183799373019	0.870421869793922	0.945701599073396	"Unknown"
"R98H08"	-0.0113422766039346	0.497164461247637	0.476450559169797	0.517888101274582	0.78863906509845	0.956843957979002	"Seedling Only"
"R52H01"	-0.0130815818974894	0.496729651162791	0.472762853615436	0.52071148688318	0.789355932351229	0.886371745265906	"Unknown"
"R125E04"	-0.013318731840281	0.496670366259711	0.460023018179444	0.53335352521981	0.85898771111708	0.909731612390962	"Vegetative Cell"
"R02D02"	-0.0134859856854756	0.496628554676048	0.463862462338596	0.529423631068955	0.840475885565667	0.972602264287372	"Vegetative Cell High"
"R46A02"	-0.0137495555831021	0.496562665256478	0.460785282566886	0.532375283165144	0.850967412274281	0.909731612390962	"Vegetative Cell"
"R45E09"	-0.0137722146212269	0.496557000765111	0.471967374719076	0.521163293357503	0.784001731983826	0.885305326566006	"Unknown"
"R121G01"	-0.014639901110849	0.49634009009009	0.46423013232293	0.528480266269356	0.823553318248352	0.972602264287372	"Vegetative Cell High"
"R77G11"	-0.0160646025038064	0.495983935742972	0.463483941284457	0.528517903598908	0.808999760859246	0.903383066292824	"Unknown"
"R08E06"	-0.0161763475588795	0.49595600129408	0.473341157293616	0.518587404308811	0.726264333559621	0.848715878171417	"Unknown"
"R39B04"	-0.0166041550520352	0.495849056603774	0.461346644520192	0.530391047572384	0.813991435253906	0.903935240254338	"Unknown"
"R31B05"	-0.0167779463622958	0.495805611802141	0.46326142463269	0.528385379351677	0.800964816170584	0.972602264287372	"Vegetative Cell High"
"R138E01"	-0.0170484165017836	0.495737999102737	0.469116433780475	0.522383752241665	0.754031856497404	0.86605944660559	"Unknown"
"R196A04"	-0.0180185055026781	0.495495495495496	0.465681221258556	0.525341838896217	0.767539000252548	0.871612085032555	"Unknown"
"R33B05"	-0.0194432567042277	0.495139338950097	0.463161784537248	0.527156709330651	0.766231337365593	0.871612085032555	"Unknown"
"R23D05"	-0.0195956629450504	0.495101241018942	0.466857765926058	0.523376015441064	0.734324426819	0.972602264287372	"Vegetative Cell High"
"R04G10"	-0.0198505670838157	0.495037521181312	0.465261264260759	0.524849022117121	0.744390942646029	0.972602264287372	"Vegetative Cell High"
"R114E05"	-0.020334169505897	0.494916632777552	0.46957034376419	0.520289077292771	0.694676251180359	0.821439052738536	"Unknown"
"R182A12"	-0.0222850447894349	0.494428969359331	0.467353544844168	0.521537109441302	0.687235111550242	0.821439052738536	"Unknown"
"R114B05"	-0.0223185229556958	0.494420600858369	0.462059907011899	0.526828110778401	0.735982678174436	0.972602264287372	"Vegetative Cell High"
"R194A02"	-0.0226424767497597	0.494339622641509	0.462840380866963	0.525883864282568	0.725246935070502	0.848715878171417	"Unknown"
"R06C04"	-0.0227418538361958	0.494314781567923	0.468932783565654	0.519726118658714	0.661360774272174	0.83772364741142	"Sperm Cell High"
"R188G12"	-0.0229236399019369	0.494269340974212	0.466810342670856	0.521762954579509	0.68302636743214	0.821439052738536	"Unknown"
"R22A03"	-0.0235096212372132	0.49412286538035	0.47482418110816	0.513439078983209	0.551004131083186	0.612226812314651	"Sperm Cell"
"R11B05"	-0.0238854849893566	0.494028912633564	0.474503415169142	0.513572641282471	0.549349909337213	0.909731612390962	"Vegetative Cell"
"R180H11"	-0.0241239768945142	0.493969298245614	0.46455503668013	0.523425367269055	0.688378944816418	0.821439052738536	"Unknown"
"R76E07"	-0.0248074737042677	0.493798449612403	0.468999744911736	0.518627707027969	0.624569272404326	0.956843957979002	"Seedling Only"
"R77E05"	-0.0260750969261985	0.493481595092025	0.468872719737705	0.51812209660527	0.604218315735432	0.745079027379275	"Unknown"
"R150G12"	-0.0263867551731948	0.493403693931398	0.458674971810124	0.528196189627868	0.710423556783584	0.972602264287372	"Vegetative Cell High"
"R106F04"	-0.0269955043420116	0.493251533742331	0.471186387323749	0.515343001354014	0.549425412869207	0.956843957979002	"Seedling Only"
"R81E02"	-0.02816154299243	0.49296007950969	0.468323340453325	0.517631056963197	0.576065541307502	0.939926809082556	"Vegetative Cell High"
"R77H05"	-0.0294042745807858	0.49264946096047	0.458089297482333	0.527280018872792	0.67762079985242	0.972602264287372	"Vegetative Cell High"
"R01G01"	-0.0295310889996946	0.492617764237169	0.463328551078087	0.521957739548662	0.622205070801128	0.939926809082556	"Vegetative Cell High"
"R107C12"	-0.0298529631496813	0.492537313432836	0.468287551886925	0.516822241242983	0.54706455377209	0.939926809082556	"Vegetative Cell High"
"R98H09"	-0.0300158959402658	0.492496589358799	0.463646030435086	0.521397210250977	0.61099078420084	0.939926809082556	"Vegetative Cell High"
"R144F06"	-0.0304830167250758	0.492379835873388	0.467540503551498	0.517256846669621	0.548352812813695	0.699815775163597	"Unknown"
"R178B05"	-0.0305265906591553	0.492368944923689	0.459668803477794	0.525134511268176	0.648242661289375	0.83772364741142	"Sperm Cell High"
"R135H08"	-0.0309652219439378	0.49225931301403	0.462505781217149	0.522067780144015	0.610927253243425	0.939926809082556	"Vegetative Cell High"
"R41A12"	-0.0326605606329247	0.491835585585586	0.470101875019058	0.51360020022366	0.46224468289391	0.577805853617387	"Sperm Cell"
"R32B05"	-0.0329319187379725	0.491767764298094	0.463607606488013	0.519980258296728	0.567507238685252	0.939926809082556	"Vegetative Cell High"
"R117C11"	-0.033279032007301	0.491681009753299	0.461603419187922	0.521818944774679	0.58864733802865	0.739488218398492	"Unknown"
"R135G02"	-0.0335762955336041	0.491606714628297	0.460863067431675	0.522413975846475	0.593508616512534	0.740964173410057	"Unknown"
"R27E01"	-0.0337916900227807	0.491552881277482	0.462451277454909	0.520711845421053	0.570311065744467	0.939926809082556	"Vegetative Cell High"
"R29A11"	-0.034814681882446	0.491297208538588	0.45876898939993	0.523899283660812	0.601016844678179	0.83772364741142	"Sperm Cell High"
"R124C05"	-0.0351736141782672	0.491207502930832	0.455738369034873	0.526765377540166	0.628148374080825	0.83772364741142	"Sperm Cell High"
"R02H02"	-0.035276311309304	0.491181836610582	0.472735607637517	0.509652108332075	0.349414736846116	0.577805853617387	"Sperm Cell"
"R72D11"	-0.0355235078530377	0.491120056831636	0.461685770766049	0.520616038404139	0.555278829793604	0.939926809082556	"Vegetative Cell High"
"R83B04"	-0.0358539218462458	0.491037479630636	0.459522992015553	0.522623361450989	0.578270985986569	0.939926809082556	"Vegetative Cell High"
"R21D07"	-0.0358782876649021	0.491031390134529	0.461236048513044	0.520890584759834	0.556192816260092	0.956843957979002	"Seedling Only"
"R68B05"	-0.036367644170875	0.490909090909091	0.460087938716126	0.521799508053969	0.564212925335456	0.939926809082556	"Vegetative Cell High"
"R12C02"	-0.0380180671875209	0.490496627835684	0.459413004638602	0.521653908337644	0.550103942665912	0.699815775163597	"Unknown"
"R98F09b"	-0.0396448313472403	0.49009009009009	0.458985744241234	0.521271356980722	0.533476888112532	0.83772364741142	"Sperm Cell High"
"R172C12"	-0.0398375528973178	0.490041928721174	0.461297135561451	0.518852723096841	0.498225692653898	0.663201087572407	"Unknown"
"R114D02"	-0.0398459085471997	0.49003984063745	0.460089608654662	0.52006174752243	0.515648436755246	0.681877209130292	"Unknown"
"R187E02"	-0.0399600847211597	0.490011307953261	0.465622629187919	0.514447629386515	0.423077141772817	0.593799588897664	"Unknown"
"R80E09"	-0.0408758288719679	0.489782465392221	0.466921832573692	0.512685914264114	0.38193878275239	0.956843957979002	"Seedling Only"
"R69E02"	-0.0412197730852356	0.489696515548895	0.465381918049107	0.514059963029189	0.40720341110221	0.593100620518436	"Unknown"
"R101B03"	-0.041301036445584	0.489676208352886	0.46038304154013	0.519040447320251	0.490870029198971	0.939926809082556	"Vegetative Cell High"
"R107C12"	-0.0421912224455745	0.489453758788534	0.460258227931982	0.518721414550959	0.480122979547528	0.645232587917565	"Unknown"
"R150H02"	-0.0428401586764922	0.489291598023064	0.453293599915698	0.525401003157203	0.561276631896147	0.709538383717771	"Unknown"
"R88H09"	-0.0433444303371433	0.489165588615783	0.46483506287095	0.513547556559459	0.383814154618312	0.939926809082556	"Vegetative Cell High"
"R161H06"	-0.0436830141766799	0.489080982711556	0.462297343261943	0.515927462373005	0.425408660702804	0.593799588897664	"Unknown"
"R02B06"	-0.0437010946619608	0.489076464746773	0.460246360043699	0.517979422719633	0.461092075996493	0.577805853617387	"Sperm Cell"
"R35A08"	-0.0440020413903813	0.489001264222503	0.458599912220492	0.519484197899218	0.479547398922912	0.939926809082556	"Vegetative Cell High"
"R111G04"	-0.0441248049089381	0.488970588235294	0.454952413616966	0.523091229353646	0.526526049930226	0.682785393780487	"Unknown"
"R81H09"	-0.0443203996806612	0.488921713441654	0.454828898122314	0.52311790397683	0.525611613390454	0.682785393780487	"Unknown"
"R80B03"	-0.0445170104584566	0.488872584984104	0.458972280502983	0.518852727295091	0.467031235251093	0.939926809082556	"Vegetative Cell High"
"R116E09"	-0.04638998845903	0.488404582285555	0.456455805101413	0.520448377979008	0.478284594770128	0.939926809082556	"Vegetative Cell High"
"R31B05"	-0.0465549531840272	0.488363363363363	0.46403060529479	0.512751395426699	0.349700690661491	0.532498778961815	"Unknown"
"R155E06"	-0.0478127240386413	0.488049095607235	0.464784894932193	0.511365186179431	0.315085249540401	0.577805853617387	"Sperm Cell"
"R83C02"	-0.0483665251035748	0.487910725356479	0.456668413793014	0.519247779568794	0.449661189091738	0.614842850390744	"Unknown"
"R41F01"	-0.0485925552368654	0.487854251012146	0.457447273070078	0.518351386678721	0.435123665233542	0.939926809082556	"Vegetative Cell High"
"R128F11"	-0.0493927553295765	0.487654320987654	0.454801915910984	0.52061373411714	0.46296033210643	0.628750180766164	"Unknown"
"R67H12"	-0.0506931143155179	0.487329434697856	0.45289708088148	0.521882463650157	0.472434444150778	0.939926809082556	"Vegetative Cell High"
"R65F01"	-0.0513420736856261	0.487167300380228	0.459802010262281	0.514609737120043	0.359409204745869	0.543167294390374	"Unknown"
"R12H07"	-0.0513719694987195	0.487159831353009	0.462521417138013	0.511860802291633	0.308272764588746	0.956843957979002	"Seedling Only"
"R112C11"	-0.051972979667161	0.487009679062659	0.458682803725888	0.515420245963416	0.370188468323858	0.555282702485787	"Unknown"
"R83A02"	-0.0541044950649385	0.486477174849268	0.462910953598779	0.510103674893114	0.261924736056735	0.710938569296852	"Sperm Cell High"
"R106E07"	-0.0543767708780718	0.486409155937053	0.465115739892117	0.507752020748684	0.213786950056914	0.956843957979002	"Seedling Only"
"R125E02"	-0.0544881852840696	0.486381322957198	0.458703101942632	0.514143323159435	0.336324557287623	0.520009507806248	"Unknown"
"R111G02"	-0.0549645853237635	0.486262312078797	0.455497190064962	0.517131887087527	0.383119759875443	0.939926809082556	"Vegetative Cell High"
"R82B10"	-0.0555698511548113	0.486111111111111	0.453500365981891	0.518840540158416	0.405625453771209	0.83772364741142	"Sperm Cell High"
"R143E09"	-0.055896902382124	0.486029411764706	0.452029881339709	0.520158733148805	0.422458473126336	0.593799588897664	"Unknown"
"R114E05"	-0.0565521695049215	0.485865724381625	0.449974419110699	0.521903401235803	0.442166728243905	0.939926809082556	"Vegetative Cell High"
"R48D04"	-0.0571584138399485	0.485714285714286	0.44561198005844	0.526001382846968	0.487233209044029	0.956843957979002	"Seedling Only"
"R124G09"	-0.0577463698054175	0.48556741795176	0.447614887411656	0.523687129279765	0.458178943710111	0.939926809082556	"Vegetative Cell High"
"R162C01"	-0.0585176068977516	0.485374771480804	0.431368252292303	0.53972501642643	0.598396366923745	0.83772364741142	"Sperm Cell High"
"R96E03"	-0.0590430381460974	0.485243527068622	0.461089426144931	0.509466759170898	0.232452963870732	0.679477894391369	"Sperm Cell High"
"R31B01"	-0.06024666905603	0.484942886812046	0.451589996873129	0.518430437984548	0.378214092621834	0.83772364741142	"Sperm Cell High"
"R01C02"	-0.0609253543171437	0.484773371104816	0.461150743798304	0.508464233186478	0.208041875350138	0.361840787717552	"Unknown"
"R153E10"	-0.0616211341061738	0.484599589322382	0.456175964180382	0.513123195676361	0.289935930131066	0.462516840923367	"Unknown"
"R34G11"	-0.0619444859605242	0.484518828451883	0.448271471980842	0.520929798349389	0.404727302967696	0.593100620518436	"Unknown"
"R171F03"	-0.0634603539172259	0.484140233722871	0.458503643985125	0.509860568833796	0.226795233515568	0.386320694378213	"Unknown"
"R139D05"	-0.0641729572512116	0.483962264150943	0.445494483308641	0.522621041462135	0.416254408048906	0.593799588897664	"Unknown"
"R186H03"	-0.0642195927342935	0.483950617283951	0.452797977367638	0.515228492892723	0.314551021221172	0.494121284301336	"Unknown"
"R180E10"	-0.0645385211375712	0.483870967741935	0.456546664759296	0.511292050395771	0.248938560203565	0.413526038024104	"Unknown"
"R62H01"	-0.0648781373744908	0.483786152497809	0.446701783727183	0.521049957892672	0.393834746290915	0.58206458826819	"Unknown"
"R80E06"	-0.0656761188609578	0.483586869495596	0.45847969194492	0.508777181506699	0.201546296469635	0.361840787717552	"Unknown"
"R02A05"	-0.0657877405380033	0.483558994197292	0.459288299999132	0.507907499701051	0.185649598474672	0.781123288823987	"Vegetative Cell High"
"R187H05"	-0.067020148830934	0.483251231527094	0.455411995389889	0.511194819462738	0.240052126934183	0.402087312614756	"Unknown"
"R99B02"	-0.068701708287923	0.482831325301205	0.449700374931202	0.516113907377866	0.311986851610896	0.939926809082556	"Vegetative Cell High"
"R115C04"	-0.0704516609506113	0.482394366197183	0.450330267777034	0.514604106638124	0.284004810742703	0.719478853881515	"Sperm Cell High"
"R52E07"	-0.0705511109919652	0.482369534555712	0.453086075653982	0.511774594842338	0.239895264152369	0.896450723937799	"Vegetative Cell High"
"R83H05"	-0.0707755475931188	0.482313495389774	0.466014413818915	0.498650299940888	0.0338530337780845	0.643207641783605	"Seedling Only"
"R35A03"	-0.0711273440155837	0.482225656877898	0.433106774704404	0.531690460490913	0.4815168566549	0.645232587917565	"Unknown"
"R147F03"	-0.0714190756694154	0.482152816508645	0.461191253949158	0.503177382477342	0.0961396742036238	0.232820174878655	"Unknown"
"R133F11"	-0.0726271884140713	0.481851179673321	0.444136442001322	0.519773849162409	0.348270913169269	0.532498778961815	"Unknown"
"R110H08"	-0.073494004367743	0.481634764614589	0.453116905218662	0.510272776448637	0.208738314376823	0.361840787717552	"Unknown"
"R167H12"	-0.0739087094251558	0.48153122901276	0.43521489150153	0.528167143615303	0.43780663864447	0.83772364741142	"Sperm Cell High"
"R77F09"	-0.0741079721537217	0.481481481481482	0.45408134474089	0.508993450398882	0.187029519859264	0.781123288823987	"Vegetative Cell High"
"R170F08"	-0.0751869148946062	0.481212121212121	0.45035906094273	0.51220912740298	0.23479440026842	0.396585499613045	"Unknown"
"R72C04"	-0.0759171997052302	0.481029810298103	0.454378647435341	0.507789361423127	0.164648824101312	0.315184891851084	"Unknown"
"R116D10"	-0.0764094691420008	0.48090692124105	0.450294808230871	0.511663054892808	0.223655441387454	0.384228578793831	"Unknown"
"R92C04"	-0.0774363160483997	0.480650588895121	0.448691070947195	0.512769242012334	0.237648834671524	0.896450723937799	"Vegetative Cell High"
"R101C04"	-0.0781906103058984	0.480462300495322	0.451058889299591	0.510001676360233	0.194800249443927	0.361840787717552	"Unknown"
"R111F12"	-0.078471615441495	0.480392156862745	0.446001539451977	0.514969593245155	0.266335681065001	0.428267775152522	"Unknown"
"R120G05"	-0.0785450287954172	0.480373831775701	0.453270938138736	0.507592731662237	0.157537292645906	0.304471113671414	"Unknown"
"R174D10"	-0.0786259423834272	0.480353634577603	0.452570144650254	0.508259169616639	0.167571614367116	0.317753721582927	"Unknown"
"R74F05"	-0.0791857361582398	0.480213903743315	0.444207182266698	0.516427345989154	0.284190592561349	0.939926809082556	"Vegetative Cell High"
"R139D08"	-0.0799020705873051	0.480035103115401	0.453770069695047	0.506410960732607	0.137876900298432	0.272371648024464	"Unknown"
"R41A02"	-0.0807090633988662	0.47983367983368	0.454264203427082	0.505509244060849	0.12366338882878	0.258920220360258	"Unknown"
"R172A05"	-0.0811703652504955	0.479718543046358	0.454207658871572	0.505335635811296	0.120686263872298	0.25806318125885	"Unknown"
"R111E08"	-0.0815498669641078	0.479623824451411	0.448256141914163	0.511152990967158	0.20521655325678	0.361840787717552	"Unknown"
"R188H01"	-0.083515603311488	0.479133226324238	0.443672381699581	0.514805606576051	0.251534543142582	0.414413468620155	"Unknown"
"R63A03"	-0.0850208314207033	0.478757586576223	0.455062448929928	0.50254869795888	0.0800996995187191	0.206210083072738	"Unknown"
"R44E07"	-0.0854177511543514	0.478658536585366	0.45412529716792	0.503295157341589	0.0895166790515005	0.850408450989255	"Seedling Only"
"R96B12"	-0.0857294580711873	0.478580752343657	0.459035556055668	0.498191749501423	0.0323091839518259	0.144864892968979	"Sperm Cell High"
"R154D07"	-0.0867032580532835	0.478337754199823	0.441136532879582	0.515780821024708	0.256771645788338	0.419602445556553	"Unknown"
"R136B09"	-0.0886859517599617	0.477843032568073	0.448895672663235	0.506939985188917	0.135516124004486	0.272371648024464	"Unknown"
"R172B11"	-0.0889713384178378	0.477771826459561	0.448778638564813	0.506915569024669	0.134890439237053	0.272371648024464	"Unknown"
"R193H08"	-0.0912986290012495	0.477191184008201	0.44882940391551	0.505700814498617	0.116822409915935	0.255231569490249	"Unknown"
"R172F04"	-0.0918678356133518	0.477049180327869	0.426552329579215	0.528019603854965	0.377582376436342	0.562178204916331	"Unknown"
"R06H11"	-0.0919823897116499	0.477020602218701	0.441800935608791	0.512470277614258	0.203827684027534	0.361840787717552	"Unknown"
"R06G11"	-0.0926676888594073	0.476849642004773	0.449477312613937	0.504361741797794	0.099062946325492	0.234806133031585	"Unknown"
"R93C03"	-0.0927304842517239	0.476833976833977	0.441680685073939	0.51221828962703	0.19934751144192	0.63126711956608	"Sperm Cell High"
"R108A02"	-0.0930904230660117	0.476744186046512	0.447355785127033	0.506294506866474	0.122905458378314	0.581752502990687	"Vegetative Cell High"
"R114H07"	-0.09367689894934	0.476597886260695	0.448496423148168	0.504848303071115	0.104420172053315	0.238505165712686	"Unknown"
"R124C09"	-0.0937488992373723	0.476579925650558	0.442460747203619	0.510919103042237	0.18122848200549	0.340438550309378	"Unknown"
"R100G07"	-0.094276587981042	0.476448294531673	0.447307380927919	0.505750450717457	0.115131217656849	0.254300821417875	"Unknown"
"R89F03"	-0.0948666224672678	0.476301115241636	0.449295090487211	0.503446439752332	0.0870291948170752	0.215961335286816	"Unknown"
"R96C12"	-0.0953101798043252	0.476190476190476	0.434615448227479	0.518098127309014	0.265410986844209	0.428267775152522	"Unknown"
"R61C12"	-0.0985252190519689	0.475388601036269	0.443539271782772	0.507439404294147	0.132250127074813	0.272371648024464	"Unknown"
"R89B08"	-0.0993903486713224	0.475172847265871	0.443796271973747	0.506746674719277	0.123216773664093	0.258920220360258	"Unknown"
"R74E03"	-0.100406403820567	0.474919466175794	0.448051311270885	0.50193362015327	0.0687921674262806	0.181937179640558	"Unknown"
"R172B02"	-0.101166711917038	0.474729871035204	0.451333908191952	0.498237302928514	0.0351351540708003	0.106592307188444	"Unknown"
"R144E07"	-0.10146946016486	0.474654377880184	0.444612864300547	0.50488048408958	0.100234923858605	0.234806133031585	"Unknown"
"R67C11"	-0.102343221967973	0.474436503573392	0.445086095457204	0.503964615517375	0.0896963289968273	0.219865391809296	"Unknown"
"R75H08"	-0.102809493866221	0.474320241691843	0.439951674333016	0.508933848665795	0.145840065053819	0.284600515299199	"Unknown"
"R173C02"	-0.103885744506721	0.474051896207585	0.434588957883696	0.513841668898768	0.201095293501088	0.361840787717552	"Unknown"
"R117B05"	-0.10454385575127	0.473887814313346	0.442120970865797	0.505867455479679	0.109462469150009	0.244466181101686	"Unknown"
"R173E04"	-0.106273719822406	0.473456547384978	0.448618625110639	0.498426540441529	0.0372196781651415	0.108422540741934	"Unknown"
"R174G07"	-0.108432714694796	0.472918350848828	0.437382462173741	0.508730769280482	0.138218448251221	0.272371648024464	"Unknown"
"R103C03"	-0.108842817493701	0.472816127061698	0.440956857153889	0.504898336467095	0.0967220573091245	0.241805143272811	"Sperm Cell"
"R164C04"	-0.109643177449827	0.472616632860041	0.440100359047569	0.505366896505221	0.101205657242426	0.234806133031585	"Unknown"
"R113E02"	-0.110270720638917	0.472460220318237	0.441516181531933	0.5036173201324	0.083164397287621	0.208950548185148	"Unknown"
"R39C03"	-0.116740173949605	0.470848056537102	0.444545961611536	0.497313042934295	0.0308726554371597	0.101727930210969	"Unknown"
"R189E01"	-0.118352673951479	0.470446320868516	0.439740476214761	0.501377505938005	0.0610994742894739	0.165959382867355	"Unknown"
"R10G04"	-0.119175705375685	0.470241286863271	0.441280885485198	0.499403464378207	0.04549936996293	0.125279087158205	"Unknown"
"R67C09"	-0.119787957498129	0.470088768815129	0.443611773907962	0.496735193178752	0.0278219990972384	0.151950918146456	"Vegetative Cell High"
"R197D02"	-0.125066389047491	0.468774094063223	0.444205264710746	0.493495242845758	0.0133285018544804	0.0558131015156368	"Unknown"
"R128A08"	-0.125207976956121	0.468738835298321	0.445082882542526	0.492536127744449	0.0100617061673272	0.0493269009666526	"Unknown"
"R121H06"	-0.125416660511455	0.468686868686869	0.440585672250926	0.496988075683829	0.0301395368936028	0.100967448593569	"Unknown"
"R167G06"	-0.126000563747052	0.468541468064824	0.441238519224737	0.496034077253181	0.0249435126345687	0.084977051517768	"Unknown"
"R107C05"	-0.126371115720183	0.468449197860963	0.439539749542663	0.497572002802267	0.0337425967816087	0.10597284301724	"Unknown"
"R113F06"	-0.126539335051672	0.468407310704961	0.439837844375909	0.497185407691837	0.0314464709685871	0.101947430075581	"Unknown"
"R146A05"	-0.126703701414763	0.468366383380548	0.430030530524573	0.507079323598903	0.109172693042497	0.244466181101686	"Unknown"
"R78B01"	-0.128278097241177	0.467974379503603	0.44294472019435	0.493166252810148	0.0127471494517266	0.0545144051020649	"Unknown"
"R129A11"	-0.129009150598896	0.467792370231395	0.436549473452187	0.499289880879381	0.0450604929530054	0.125279087158205	"Unknown"
"R124H01"	-0.129104647901171	0.467768595041322	0.431890150935448	0.503983471915186	0.0810477440932653	0.206210083072738	"Unknown"
"R161A10"	-0.12939694067432	0.467695826186392	0.437814751123265	0.497810429070713	0.0355307690628148	0.106592307188444	"Unknown"
"R153B12"	-0.129435463003113	0.467686235816478	0.439917580487372	0.495656517338488	0.0235837070730651	0.0831635986260717	"Unknown"
"R127F10"	-0.129987384189793	0.467548834278513	0.436190790779808	0.499165351575093	0.04425887852004	0.125279087158205	"Unknown"
"R127E02"	-0.13015432745893	0.467507274490786	0.445004876257702	0.490142635574779	0.00492449171320075	0.0274950787320375	"Unknown"
"R143D09"	-0.130200579552672	0.467495760316563	0.437784510251716	0.497439334244218	0.0333936687026415	0.10597284301724	"Unknown"
"R114E02"	-0.132018151478255	0.467043314500942	0.435748065409722	0.498600077815366	0.0406796350788621	0.116808666440733	"Unknown"
"R121G10"	-0.132925393211977	0.466817496229261	0.442528376480513	0.491264945339441	0.00783827979709018	0.0393873559803781	"Unknown"
"R39A05"	-0.134230774865409	0.466492602262837	0.429695166128524	0.503658290494754	0.0771782390336229	0.201465273321535	"Unknown"
"R115A07"	-0.138212973537679	0.46550165712564	0.443785358750267	0.487349525083942	0.00198565212938751	0.014640802932812	"Unknown"
"R95D10"	-0.138410773408616	0.465452442902573	0.43312252325813	0.498075257391576	0.0379488165215003	0.192454712359037	"Vegetative Cell High"
"R193G04"	-0.139631629406662	0.465148698884758	0.438210773854792	0.492291477024767	0.0118867070467128	0.0545144051020649	"Unknown"
"R133A03"	-0.146860246564579	0.463350785340314	0.434780719552378	0.492163506428811	0.0127070552379454	0.0545144051020649	"Unknown"
"R25F01"	-0.147278745142765	0.463246724405952	0.444600879373955	0.481995917811354	0.000124555470286447	0.00125163878721365	"Unknown"
"R186E02"	-0.14827104042263	0.463	0.423622600704847	0.502844370871134	0.0687157456416485	0.181937179640558	"Unknown"
"R158H03"	-0.152219848402249	0.462018348623853	0.438082811270982	0.486130267098377	0.00203951483641163	0.014640802932812	"Unknown"
"R172G12"	-0.155596289041785	0.461179217746643	0.431039914888646	0.491605041140206	0.0124394922970268	0.0545144051020649	"Unknown"
"R170B08"	-0.156782952997579	0.460884353741497	0.424568001003498	0.497620760851815	0.036921934180371	0.108422540741934	"Unknown"
"R80C08"	-0.157431585983678	0.46072319201995	0.429588195396391	0.492167722602139	0.0144070649000374	0.0590983682634187	"Unknown"
"R134B11"	-0.158358997453045	0.460492778249788	0.424196059371934	0.497213397466198	0.0349992484623751	0.106592307188444	"Unknown"
"R98F09a"	-0.158817713967018	0.460378817162737	0.425360092144564	0.495793120188799	0.028361528208863	0.144864892968979	"Sperm Cell High"
"R196G06"	-0.160342650075179	0.46	0.434249391316967	0.485965951373176	0.00255941737388765	0.0165949320048844	"Unknown"
"R182D03"	-0.162595030102812	0.459440559440559	0.426493017677036	0.492746522809227	0.0170463805186345	0.067182793808736	"Unknown"
"R141F11"	-0.164255178059585	0.459028281363307	0.425486312213816	0.492945665037628	0.0179553483699466	0.0694043273530629	"Unknown"
"R179A12"	-0.168180528037696	0.458053691275168	0.422011272611953	0.494540537876865	0.02429377818929	0.0841905071732292	"Unknown"
"R153F05"	-0.169844969589848	0.457640538400633	0.422620796298074	0.49308394010996	0.0192143976667773	0.0715202579818935	"Unknown"
"R175E12"	-0.171635994168277	0.457196029776675	0.42616972907719	0.488557992191988	0.00752178112845447	0.0387661027389577	"Unknown"
"R75H08"	-0.172093666610698	0.45708245243129	0.420510130336114	0.494123340111098	0.0232046046079539	0.144864892968979	"Sperm Cell High"
"R145B04"	-0.172097323018095	0.457081545064378	0.423786086501956	0.490764927475529	0.0125699340574814	0.0545144051020649	"Unknown"
"R93A06"	-0.17215443943851	0.457067371202114	0.430896398185575	0.483477500455893	0.00146280651005637	0.0117609643408532	"Unknown"
"R74E11"	-0.173614859466778	0.456704980842912	0.422258277925168	0.491570809283909	0.0149995730875105	0.0602982838117924	"Unknown"
"R86G04"	-0.173763623217549	0.456668068994531	0.42912708605664	0.484476555110877	0.00228580086426944	0.0180324290403478	"Vegetative Cell High"
"R92F08"	-0.174248504875029	0.456547761551353	0.427180739690563	0.486219997609881	0.0041416951730413	0.0294060357285933	"Vegetative Cell High"
"R195H03"	-0.175319104264737	0.456282145481264	0.432369424640646	0.480398109221745	0.000389392673138644	0.00340295336090728	"Unknown"
"R132G08"	-0.176121504301109	0.456083086053412	0.438316044575542	0.473962602573945	1.56701743692089e-06	1.19093325205988e-05	"Sperm Cell High"
"R173G10"	-0.176129586546033	0.456081081081081	0.419941125123974	0.492689498629965	0.0187642353314208	0.0711624773889732	"Unknown"
"R127E02"	-0.177425586181748	0.45575959933222	0.379419004455156	0.534237291065033	0.268985421312131	0.939926809082556	"Vegetative Cell High"
"R33F03"	-0.181321342378925	0.454793452844895	0.428293575546775	0.481551889744578	0.000946269474120021	0.00839814158281518	"Vegetative Cell High"
"R197B06"	-0.183880056497143	0.454159077109897	0.42348991610608	0.485180095935301	0.00381781625767497	0.023253971751293	"Unknown"
"R168D04"	-0.185295632820742	0.453808180535966	0.430394305069648	0.4774281810456	0.000130768231499934	0.00125163878721365	"Unknown"
"R83A02"	-0.187211542088146	0.453333333333333	0.382449554996576	0.526161314908183	0.208823539180279	0.361840787717552	"Unknown"
"R174H06"	-0.19307879747345	0.45187969924812	0.41780855797457	0.486407950684682	0.00636339763258587	0.0336590243197305	"Unknown"
"R92F08"	-0.197977453866507	0.450666666666667	0.387165504978119	0.515816655321216	0.13749326644362	0.272371648024464	"Unknown"
"R121G03"	-0.202278412850248	0.449602122015915	0.417610086706356	0.482016550983483	0.00234745356060895	0.01572793885608	"Unknown"
"R132G08"	-0.204494229532061	0.449053857350801	0.415559354525748	0.483016864274109	0.00333000893149715	0.0209166186009665	"Unknown"
"R103C03"	-0.20558661739314	0.448783610755442	0.417352942688539	0.4806287328585	0.00165268433455257	0.0127765212017333	"Unknown"
"R67C09"	-0.206946604099344	0.448447204968944	0.404837923657294	0.492863924324952	0.0229911184082887	0.082521692858322	"Unknown"
"R111G02"	-0.211155719433777	0.447406340057637	0.414098505792496	0.481192965982059	0.00232303497472408	0.01572793885608	"Unknown"
"R108G04"	-0.220333996987661	0.445138269402319	0.408149506671589	0.48274498449724	0.00431052241983854	0.0247547144682156	"Unknown"
"R03E12"	-0.227718607684224	0.443315089913995	0.418749170798998	0.468161404171434	8.40245568545228e-06	0.000112592906185061	"Unknown"
"R49F11"	-0.229958367471849	0.442762417114976	0.421575788006216	0.46415938249937	1.79312592996084e-07	2.12186568378699e-06	"Vegetative Cell High"
"R124H03"	-0.230724499274134	0.442573402417962	0.40344123805464	0.482431710887815	0.00481913360973185	0.031105316935542	"Vegetative Cell High"
"R132A05"	-0.236388778064231	0.441176470588235	0.41224070100818	0.470517377836611	9.01338348422431e-05	0.000953521094910046	"Unknown"
"R04A02"	-0.239433779862455	0.440425891499071	0.415845863189557	0.465301526078474	2.96319546122525e-06	3.00552682495704e-05	"Vegetative Cell High"
"R98F09"	-0.245449308828508	0.438943894389439	0.407146400071318	0.471250756483107	0.000223098483395301	0.0020383088710207	"Unknown"
"R129B01"	-0.251522091037337	0.437448896156991	0.402122776072266	0.473421024004522	0.000680439473544681	0.0056986805909367	"Unknown"
"R48D04"	-0.263044768066395	0.434615384615385	0.359395788855399	0.512971593062765	0.101632505342029	0.234806133031585	"Unknown"
"R154F06"	-0.265138672350813	0.434100930916218	0.406715041523792	0.461895197661394	3.79381857085193e-06	5.44683951958027e-05	"Unknown"
"R174H06"	-0.265715087454979	0.433959335713177	0.421174150662696	0.446833023100537	0	0	"Sperm Cell High"
"R102H01"	-0.276207089974906	0.431383902721482	0.401669137150334	0.461601008683159	9.59225037111544e-06	0.000120502645287138	"Unknown"
"R33F03"	-0.287940303570065	0.428508189464365	0.402521691991152	0.454895048709069	1.34277464480803e-07	2.44812371091863e-06	"Unknown"
"R86G04"	-0.335816713818322	0.416826003824092	0.37902537612425	0.45563042609396	3.05707884911133e-05	0.000361454616865516	"Unknown"
"R83B01"	-0.34209938015319	0.415299602831988	0.398604008351701	0.432191946218449	0	0	"Sperm Cell"
"R168D10"	-0.377343747122762	0.406767712372224	0.383775078817528	0.430176245038057	1.50990331349021e-14	3.37211740012814e-13	"Unknown"
"R91E07"	-0.384506257087321	0.405040504050405	0.368570418969017	0.442589837880925	9.65961626686607e-07	1.49352528433852e-05	"Unknown"
"R95D10"	-0.396290731832123	0.402203856749311	0.339449588264606	0.468334072017214	0.00394509920696162	0.0233224982529202	"Unknown"
"R102H01"	-0.406485204085636	0.399755201958384	0.379165605497324	0.420705212198744	0	0	"Vegetative Cell High"
"R89B08"	-0.406611678078986	0.39972485478447	0.378136308610229	0.421710104967634	0	0	"Sperm Cell High"
"R96C12"	-0.420566196819865	0.396381272150718	0.37841651382081	0.414629983173754	0	0	"Vegetative Cell High"
"R124H03"	-0.438254930931154	0.392156862745098	0.343738996488622	0.442793121717411	3.76753284807574e-05	0.000420707834701791	"Unknown"
"R141G10"	-0.457326716426952	0.387620192307692	0.358014888457276	0.418079339685434	1.47770684577608e-12	2.97019076000993e-11	"Unknown"
"R129B01"	-0.474285699467203	0.383602378929482	0.345965616434332	0.422687428932129	1.06973707669766e-08	1.51902664891068e-07	"Vegetative Cell High"
"R82A03"	-0.616628987909484	0.350548523206751	0.328574827776562	0.373174980876891	0	0	"Sperm Cell High"
"R82A03"	-0.649565056228663	0.343087557603687	0.325182651536718	0.36145027217138	0	0	"Unknown"
"R126H08"	-0.725564008227266	0.326168929110168	0.292267713482344	0.361991164046425	0	0	"Vegetative Cell High"
"R84A12"	-0.874891425685792	0.294237518396921	0.277090678610205	0.311987503056298	0	0	"Sperm Cell High"
"R83B01"	-0.905981362215295	0.287822878228782	0.223786316892805	0.36164614408808	1.46156639457828e-07	2.44812371091863e-06	"Unknown"
"R126H08"	-0.968966717701909	0.275086505190311	0.230863071252296	0.324210379549032	4.44089209850063e-16	1.11577413974828e-14	"Unknown"
"R84A12"	-1.31737467196676	0.211255411255411	0.182599463554026	0.243071134157612	0	0	"Unknown"
"R136E04"	-1.64308594655233	0.162045594577943	0.140317164127053	0.186409138409284	0	0	"Unknown"
"R82C05"	-2.1604958832282	0.103354487760654	0.0824522858411412	0.128811648130746	0	0	"Unknown"
"R82C05"	-2.2408960715972	0.0961376492053227	0.0844332817604263	0.109270866696656	0	0	"Vegetative Cell High"
"R71A11"	-2.5506396529993	0.0723835246551639	0.0635365050795933	0.0823540965553399	0	0	"Vegetative Cell"
"R80C03"	-2.66477421757953	0.0650842266487344	0.0498708321536406	0.0845256893187959	0	0	"Unknown"
"R71A11"	-2.93562834849554	0.0504201681145659	0.034415256708082	0.0733031571188529	0	0	"Unknown"
"R138D08"	-3.61226834489109	0.0262812091109317	0.0177125873050792	0.0388311148801505	0	0	"Unknown"
